{
    "rmse": 0.6744535215714541,
    "mae": 0.5325584876224364,
    "r2": 0.2748990441681519
}